rowSize,colSize,numberOfSolutions,numberOfOnes,solutionsPerPath,difficultyLevel
13,11,3,30,0.020979021,2
13,21,24,56,0.087912088,4
12,16,9,41,0.046875,3
8,9,9,19,0.125,2
8,9,4,18,0.055555556,2
4,4,4,4,0.25,1
13,22,12,68,0.041958042,5
9,20,2,41,0.011111111111111112,4
